{
    "city_risk": 0.038346345287685636,
    "season_risk": 0.6565451718256085,
    "forecast_risk": 0.09454776484960364,
    "income_volatility": 0.10882189020690285,
    "platform_count": 0.07473387310717233,
    "weeks_active": 0.020922401687718816,
    "persona_type": 0.006082553035308401
}