{
    "city_risk": 0.03526716678838536,
    "season_risk": 0.6608188617092988,
    "forecast_risk": 0.09749333851287466,
    "income_volatility": 0.10740188634677317,
    "platform_count": 0.0750892825127708,
    "weeks_active": 0.018190601173651986,
    "persona_type": 0.0057388629562451395
}